Type,Minimum_Value,Maximum_Value,Mean_Value,Median_Value,Mode_Value,SD_Value
Strelka_Normal_0.3,1,299,64.16274689198644,61.0,"0    43
dtype: int64",33.86971162601825
Strelka_Tumor_0.3,0,114,22.853667725095526,22.0,"0    17
dtype: int64",12.498514707331115
Strelka_Normal_0.5,1,299,67.20849254614929,65.0,"0    49
dtype: int64",34.2424162872646
Strelka_Tumor_0.5,0,114,23.93810882083849,23.0,"0    17
dtype: int64",12.692158791438159
Strelka_Normal_0.7,1,299,67.20849254614929,65.0,"0    49
dtype: int64",34.2424162872646
Strelka_Tumor_0.7,0,114,23.93810882083849,23.0,"0    17
dtype: int64",12.692158791438159
