REF,ALT,Strelka_0.3,VarScan_0.3,Truth_Data
A,A,0.0,0.0,0.0
A,T,3.033555530448537,2.5160579225419024,3.2386643275596554
A,G,8.94249237374308,16.548211774542967,15.175254417578229
A,C,16.020788611456332,3.6562654403101367,3.808722434788131
T,T,0.0,0.0,0.0
T,A,4.852559032877641,2.7440994260955494,3.256326702335403
T,G,12.766918992204271,3.7626848086351714,3.741545874545541
T,C,9.309682521748956,16.50640416555813,15.228737676028386
G,G,0.0,0.0,0.0
G,A,12.755620833804091,18.851430960434797,19.012157270547892
G,T,6.581177268105298,3.6828702823913955,4.419364313270992
G,C,3.5306745000564907,4.606438371783664,4.351195484782574
C,C,0.0,0.0,0.0
C,A,7.716642187323466,4.024932537721866,4.39108466826488
C,T,11.173878657778783,18.406750028505186,18.99618175179005
C,G,3.316009490453056,4.693854281479229,4.370842396049978
