REF,ALT,Strelka_0.7,VarScan_0.7,Truth_Data
A,A,0.0,0.0,0.0
A,T,3.1270983213429258,2.512985029025359,3.2386643275596554
A,G,8.585131894484412,16.613198900091657,15.175254417578229
A,C,17.376498800959233,3.616712496180874,3.808722434788131
T,T,0.0,0.0,0.0
T,A,5.074340527577938,2.7306752215093186,3.256326702335403
T,G,13.918465227817745,3.7274671555148178,3.741545874545541
T,C,9.040767386091126,16.55973113351665,15.228737676028386
G,G,0.0,0.0,0.0
G,A,11.880095923261392,18.904674610449128,19.012157270547892
G,T,6.316546762589928,3.6243507485487316,4.419364313270992
G,C,3.3956834532374103,4.621142682554232,4.351195484782574
C,C,0.0,0.0,0.0
C,A,7.529976019184652,3.9451573479987774,4.39108466826488
C,T,10.60431654676259,18.442560342193705,18.99618175179005
C,G,3.1510791366906474,4.701344332416743,4.370842396049978
