REF,ALT,Strelka_0.5,VarScan_0.5,Truth_Data
A,A,0.0,0.0,0.0
A,T,3.047456575682382,2.518163490433261,3.2386643275596554
A,G,9.274193548387096,16.562060177260452,15.175254417578229
A,C,15.058933002481389,3.6441097036783443,3.808722434788131
T,T,0.0,0.0,0.0
T,A,5.017059553349876,2.738788086271825,3.256326702335403
T,G,11.561724565756824,3.762029746281715,3.741545874545541
T,C,9.654156327543424,16.516413709155923,15.228737676028386
G,G,0.0,0.0,0.0
G,A,13.182382133995038,18.863402944197194,19.012157270547892
G,T,6.839330024813896,3.674540682414698,4.419364313270992
G,C,3.7065756823821343,4.610293278557571,4.351195484782574
C,C,0.0,0.0,0.0
C,A,8.312655086848634,4.009281448514588,4.39108466826488
C,T,11.174007444168735,18.410742135493933,18.99618175179005
C,G,3.1715260545905704,4.6901745977405,4.370842396049978
